--
-- PostgreSQL database dump
--

-- Dumped from database version 17.2
-- Dumped by pg_dump version 17.2

SET lock_timeout = 0;
SET idle_in_transaction_session_timeout = 0;
SET client_encoding = 'UTF8';
SET standard_conforming_strings = on;
SELECT pg_catalog.set_config('search_path', '', false);
SET check_function_bodies = false;
SET xmloption = content;
SET client_min_messages = warning;
SET row_security = off;

SET default_tablespace = '';

SET default_table_access_method = heap;

--
-- Name: Projects; Type: TABLE; Schema: public; Owner: postgres
--

CREATE TABLE public."Projects" (
    "ProjectId" integer NOT NULL,
    "Name" text NOT NULL
);


ALTER TABLE public."Projects" OWNER TO postgres;

--
-- Name: Projects_ProjectId_seq; Type: SEQUENCE; Schema: public; Owner: postgres
--

ALTER TABLE public."Projects" ALTER COLUMN "ProjectId" ADD GENERATED BY DEFAULT AS IDENTITY (
    SEQUENCE NAME public."Projects_ProjectId_seq"
    START WITH 1
    INCREMENT BY 1
    NO MINVALUE
    NO MAXVALUE
    CACHE 1
);


--
-- Name: Trainees; Type: TABLE; Schema: public; Owner: postgres
--

CREATE TABLE public."Trainees" (
    "Id" integer NOT NULL,
    "FirstName" text NOT NULL,
    "LastName" text NOT NULL,
    "Gender" text NOT NULL,
    "Email" text NOT NULL,
    "PhoneNumber" text,
    "DateOfBirth" date NOT NULL,
    "TraineeshipId" integer NOT NULL,
    "ProjectId" integer NOT NULL
);


ALTER TABLE public."Trainees" OWNER TO postgres;

--
-- Name: Trainees_Id_seq; Type: SEQUENCE; Schema: public; Owner: postgres
--

ALTER TABLE public."Trainees" ALTER COLUMN "Id" ADD GENERATED BY DEFAULT AS IDENTITY (
    SEQUENCE NAME public."Trainees_Id_seq"
    START WITH 1
    INCREMENT BY 1
    NO MINVALUE
    NO MAXVALUE
    CACHE 1
);


--
-- Name: Traineeships; Type: TABLE; Schema: public; Owner: postgres
--

CREATE TABLE public."Traineeships" (
    "TraineeshipId" integer NOT NULL,
    "Name" text NOT NULL
);


ALTER TABLE public."Traineeships" OWNER TO postgres;

--
-- Name: Traineeships_TraineeshipId_seq; Type: SEQUENCE; Schema: public; Owner: postgres
--

ALTER TABLE public."Traineeships" ALTER COLUMN "TraineeshipId" ADD GENERATED BY DEFAULT AS IDENTITY (
    SEQUENCE NAME public."Traineeships_TraineeshipId_seq"
    START WITH 1
    INCREMENT BY 1
    NO MINVALUE
    NO MAXVALUE
    CACHE 1
);


--
-- Name: __EFMigrationsHistory; Type: TABLE; Schema: public; Owner: postgres
--

CREATE TABLE public."__EFMigrationsHistory" (
    "MigrationId" character varying(150) NOT NULL,
    "ProductVersion" character varying(32) NOT NULL
);


ALTER TABLE public."__EFMigrationsHistory" OWNER TO postgres;

--
-- Data for Name: Projects; Type: TABLE DATA; Schema: public; Owner: postgres
--

COPY public."Projects" ("ProjectId", "Name") FROM stdin;
1	string
4	Проект1
5	Крутой проект
6	Крутой проект2
8	Документооборот
9	Потрясающий
10	Потрясающий2
11	Проект2
12	Проект3
\.


--
-- Data for Name: Trainees; Type: TABLE DATA; Schema: public; Owner: postgres
--

COPY public."Trainees" ("Id", "FirstName", "LastName", "Gender", "Email", "PhoneNumber", "DateOfBirth", "TraineeshipId", "ProjectId") FROM stdin;
9	string	string	Мужской	string@fsd.com	+79555555555	2025-03-13	1	1
13	Борис	Pupkin	Мужской	test@test2.com	+79999998899	2025-03-17	11	5
1	string	string	Женский	string@mai.ru	+79521222222	2025-03-11	5	1
12	Миша	Pupkin	Мужской	test@test1.com	+79999999899	2025-03-17	11	5
15	Антон	Антонов	Мужской	ccc@vvv.d	+79666666666	2000-02-22	12	8
10	Иван	Попов	Мужской	string@sss.com	\N	2025-03-13	11	1
16	Максим	Максимов	Мужской	sfsfd@fds.com	+74423423443	2002-02-02	11	8
11	Vasya	Pupkin	Мужской	test@test.com	+79999999999	2025-03-17	14	10
14	Никита	Pupkin	Мужской	test@test3.com	+79999988899	2025-03-17	10	5
19	Иван	Иванов	Мужской	ivanov@mail.ru	+78888883838	2000-10-09	4	4
6	Ania	Koriakina	Женский	string@string.ru	+79521398990	2002-02-16	10	5
17	Данил	Сидоров	Мужской	sidorov@mail.com		2000-02-20	26	9
18	Имя	Фамилияя	Мужской	familia@fff.com		2001-02-20	26	5
\.


--
-- Data for Name: Traineeships; Type: TABLE DATA; Schema: public; Owner: postgres
--

COPY public."Traineeships" ("TraineeshipId", "Name") FROM stdin;
1	string
4	Фронтенд-разработчик
5	Стажировка1
10	Стажировка2
11	Крутая стажировка
12	Программист .NET
14	DevOps
22	Стажировка3
24	Разработчик
26	Стажировка4
\.


--
-- Data for Name: __EFMigrationsHistory; Type: TABLE DATA; Schema: public; Owner: postgres
--

COPY public."__EFMigrationsHistory" ("MigrationId", "ProductVersion") FROM stdin;
20250305141343_Initial	8.0.0
20250307110656_UseDateOnlyForDateOfBirth	8.0.0
20250310134109_SetNotRequiredPhoneNumber	8.0.0
20250311095649_SetTraineeshipId	8.0.0
20250311102150_SetTraineeshipProjectIds	8.0.0
20250311113437_SetNotRequiredUpdate	8.0.0
20250313122317_UpdateTraineeshipModel	8.0.0
\.


--
-- Name: Projects_ProjectId_seq; Type: SEQUENCE SET; Schema: public; Owner: postgres
--

SELECT pg_catalog.setval('public."Projects_ProjectId_seq"', 13, true);


--
-- Name: Trainees_Id_seq; Type: SEQUENCE SET; Schema: public; Owner: postgres
--

SELECT pg_catalog.setval('public."Trainees_Id_seq"', 19, true);


--
-- Name: Traineeships_TraineeshipId_seq; Type: SEQUENCE SET; Schema: public; Owner: postgres
--

SELECT pg_catalog.setval('public."Traineeships_TraineeshipId_seq"', 27, true);


--
-- Name: Projects PK_Projects; Type: CONSTRAINT; Schema: public; Owner: postgres
--

ALTER TABLE ONLY public."Projects"
    ADD CONSTRAINT "PK_Projects" PRIMARY KEY ("ProjectId");


--
-- Name: Trainees PK_Trainees; Type: CONSTRAINT; Schema: public; Owner: postgres
--

ALTER TABLE ONLY public."Trainees"
    ADD CONSTRAINT "PK_Trainees" PRIMARY KEY ("Id");


--
-- Name: Traineeships PK_Traineeships; Type: CONSTRAINT; Schema: public; Owner: postgres
--

ALTER TABLE ONLY public."Traineeships"
    ADD CONSTRAINT "PK_Traineeships" PRIMARY KEY ("TraineeshipId");


--
-- Name: __EFMigrationsHistory PK___EFMigrationsHistory; Type: CONSTRAINT; Schema: public; Owner: postgres
--

ALTER TABLE ONLY public."__EFMigrationsHistory"
    ADD CONSTRAINT "PK___EFMigrationsHistory" PRIMARY KEY ("MigrationId");


--
-- Name: IX_Trainees_ProjectId; Type: INDEX; Schema: public; Owner: postgres
--

CREATE INDEX "IX_Trainees_ProjectId" ON public."Trainees" USING btree ("ProjectId");


--
-- Name: IX_Trainees_TraineeshipId; Type: INDEX; Schema: public; Owner: postgres
--

CREATE INDEX "IX_Trainees_TraineeshipId" ON public."Trainees" USING btree ("TraineeshipId");


--
-- Name: Trainees FK_Trainees_Projects_ProjectId; Type: FK CONSTRAINT; Schema: public; Owner: postgres
--

ALTER TABLE ONLY public."Trainees"
    ADD CONSTRAINT "FK_Trainees_Projects_ProjectId" FOREIGN KEY ("ProjectId") REFERENCES public."Projects"("ProjectId") ON DELETE SET NULL;


--
-- Name: Trainees FK_Trainees_Traineeships_TraineeshipId; Type: FK CONSTRAINT; Schema: public; Owner: postgres
--

ALTER TABLE ONLY public."Trainees"
    ADD CONSTRAINT "FK_Trainees_Traineeships_TraineeshipId" FOREIGN KEY ("TraineeshipId") REFERENCES public."Traineeships"("TraineeshipId") ON DELETE SET NULL;


--
-- PostgreSQL database dump complete
--

